Customer Behavior,Market Trends,Seasonal Fluctuations,Product Availability,Customer Demographics,Website Traffic,Engagement Rate,Sales Forecast
54.3245903561623,1.2,High,80,36-45,200,0.01666550627134195,95
33.448665084299336,0.8,High,32,26-35,194,0.0483644404282401,486
66.11822768940083,1.0,Medium,54,36-45,191,0.038419934155662354,268
38.54705786234883,0.8,Low,30,46-60,209,0.07699708375161039,453
42.95282639182984,1.2,Low,37,26-35,192,0.010528958245765089,265
47.4039561086983,1.2,Low,76,36-45,235,0.020537831708010518,319
53.376459328531844,1.2,Medium,82,18-25,196,0.0900645970564657,492
47.50081447453527,1.2,High,18,36-45,214,0.07071101566621255,111
54.42571563639269,0.8,Medium,97,36-45,197,0.05775836681679041,65
48.41078192417218,0.8,Medium,39,26-35,218,0.027607399169078464,405
41.836240658385,1.2,Low,78,26-35,206,0.06066538956250592,439
47.81785899749741,1.0,Medium,62,36-45,193,0.06553636472384984,256
56.88851474914365,1.2,Low,67,60+,196,0.052558086620075536,364
64.97591753921668,0.8,Medium,73,36-45,206,0.0794111913573507,308
39.64538429267547,1.0,Medium,93,36-45,212,0.0957815868463175,136
57.72662220833557,0.8,Medium,95,26-35,188,0.02556069895694573,315
58.34034769814352,1.2,Low,98,26-35,189,0.0787181845299401,149
32.69638203709497,1.0,Medium,75,18-25,207,0.09003677038319076,222
39.66564403084753,1.0,High,24,60+,202,0.08286190800664107,171
29.99439679401421,1.2,Low,52,36-45,221,0.06582699434578347,288
55.4611625208865,1.0,Medium,49,60+,188,0.08939276373528719,358
41.69686785556021,1.2,High,92,36-45,199,0.03469923716323503,272
55.802808030900735,1.0,High,14,26-35,214,0.01188071849943035,186
50.891720811467685,1.2,Medium,39,60+,207,0.026086549274762644,473
44.51632152277238,1.0,Low,26,60+,201,0.017013749860475134,119
52.00872556403547,0.8,High,62,26-35,188,0.03661637141604915,374
65.21342036605814,0.8,Medium,23,36-45,202,0.01577838146626105,344
38.505075315353174,1.0,Medium,18,26-35,204,0.03298694918581856,94
47.95994199752706,1.0,Medium,98,26-35,208,0.06689981298842838,212
46.47963660033605,0.8,Medium,37,60+,201,0.038960578503024146,60
43.16529877571051,1.2,Low,54,36-45,192,0.08513071548058189,93
48.3951466884605,1.2,Medium,15,36-45,201,0.059816159385262524,418
54.97280257662996,0.8,Medium,43,60+,216,0.07387224418954158,349
44.11441707429471,1.0,Low,11,18-25,178,0.06549436463292994,211
39.48878465664582,0.8,High,67,36-45,198,0.0946551174339818,487
48.66605107202823,1.2,Medium,63,46-60,200,0.03200393712666717,324
37.66735574828351,1.0,Medium,66,26-35,212,0.022149975146078534,400
38.7677309989956,1.2,Medium,98,60+,201,0.03866509705020849,441
57.880890951866874,1.0,High,84,36-45,185,0.028683987035686753,251
50.0675720133047,1.0,Medium,34,18-25,189,0.036973763774479355,186
50.637163577916745,1.2,Medium,11,46-60,206,0.07135278036857488,220
45.16010836812022,1.0,High,79,36-45,223,0.09382401404649529,128
43.697334303391386,0.8,Low,39,60+,197,0.041553194915509926,213
74.18104142412258,1.0,Medium,80,46-60,193,0.011249128390482255,466
48.16879950798632,1.0,Medium,32,18-25,221,0.0908844806729873,188
53.04531701884442,1.0,Low,41,46-60,180,0.0784214511874415,431
45.35296436173282,1.0,Medium,82,36-45,161,0.07487275656888907,358
76.0114634813354,0.8,High,37,46-60,193,0.042765803664417845,160
57.124982659853146,1.0,Medium,69,26-35,213,0.0616817756746647,384
51.36689661379533,1.2,Low,33,60+,192,0.012022011219955511,252
43.83343969277697,0.8,High,59,46-60,211,0.08135487468598561,253
38.71485873117195,0.8,Low,54,36-45,204,0.0803267894205241,270
72.65169724021388,1.0,Medium,92,46-60,205,0.01427728414156466,337
48.08822551725565,1.2,High,63,60+,173,0.02114467293857082,342
48.1839381580472,0.8,Medium,25,18-25,204,0.09800349160139199,455
32.82236324694795,0.8,Low,55,18-25,200,0.06266186789003161,292
37.55313341046349,1.2,Medium,70,46-60,218,0.026227930123601494,332
59.32798011971026,0.8,High,78,60+,198,0.08131197132524949,284
47.38041035500818,1.0,High,24,36-45,216,0.029430920489916267,208
45.43925281125207,1.2,Medium,48,60+,219,0.08505424661210363,447
38.176653736368905,0.8,Medium,94,18-25,213,0.08953601714013523,138
50.9031418452807,1.0,Medium,95,46-60,202,0.07063620827923166,251
55.01243758892833,0.8,High,50,18-25,217,0.08035350613746944,473
55.00579943835279,1.2,Medium,71,26-35,194,0.09792878335774659,61
45.14184769456568,1.0,Medium,89,26-35,225,0.011103311145537897,451
54.144696003042746,1.0,Medium,77,46-60,198,0.06956210330778353,477
35.98397941032795,1.2,Low,66,26-35,218,0.07579688538858666,91
47.34831600106822,1.2,High,87,60+,189,0.02563197721494001,244
33.303178138129795,0.8,Medium,20,60+,181,0.019554284108963427,177
41.872475111664315,1.2,Medium,52,46-60,214,0.03601889906418043,62
68.30652720119397,1.2,Medium,10,26-35,199,0.06349344204530101,496
49.058110129689865,1.2,Medium,65,36-45,192,0.09503318092103033,418
55.80709003230429,0.8,High,69,26-35,178,0.02354823703274403,435
54.757211858651885,0.8,Medium,60,60+,230,0.010254898759024689,246
42.360082704163645,1.2,Medium,49,26-35,211,0.08956185636158202,88
48.97245987779818,1.0,Medium,33,60+,201,0.09175031548721024,415
67.77517100511899,0.8,Low,32,36-45,204,0.06395573977199505,129
49.73611821257371,1.2,High,72,46-60,200,0.05395334561540264,492
43.581379484708236,0.8,Low,70,36-45,212,0.06321764272098279,153
56.40964072987813,1.0,High,45,46-60,189,0.028341314180665815,365
54.960468469254266,1.0,High,53,46-60,167,0.07869047902054556,219
49.63417346017548,1.0,Medium,75,46-60,200,0.038527813953524004,168
44.01496767742052,1.0,High,17,46-60,198,0.06324703308962633,366
48.64636637083988,1.2,Medium,61,26-35,206,0.05589164528400521,228
54.40047527170046,1.0,Medium,74,26-35,198,0.08997773108593034,434
53.86506317288952,0.8,Medium,23,46-60,194,0.03346926984287966,408
49.36234287738767,1.0,Low,97,60+,189,0.04738480196690918,151
44.98182659874268,0.8,Medium,66,36-45,208,0.09656969122802891,449
48.68063783380377,1.0,High,97,36-45,205,0.09914809905421726,269
41.58118645346105,1.0,Low,78,36-45,208,0.09232618955419689,465
39.803522881417365,1.2,High,95,60+,216,0.06086036243185552,206
49.9845966374568,0.8,Medium,21,60+,204,0.06372301028185333,184
34.33492108891872,0.8,Low,62,26-35,208,0.03606798434681252,56
49.67732614819941,0.8,High,27,60+,198,0.04343910115954088,146
72.04262477136486,1.0,Medium,33,46-60,195,0.05243037727539994,215
68.43261163599243,0.8,Medium,83,46-60,230,0.05508215750382312,301
42.93272020003539,0.8,High,54,46-60,199,0.05403277090922479,183
67.7556740385735,1.2,Low,62,60+,208,0.08336845860113662,457
30.62053819219513,0.8,Low,49,18-25,198,0.06072908480814889,378
55.54863780303036,0.8,Medium,56,18-25,193,0.035265274948015075,130
53.789953529722005,1.2,Low,18,36-45,213,0.0580821436380584,471
54.85515729237511,1.2,Medium,57,60+,185,0.08588610501415761,67
48.59127974770046,1.0,Medium,29,46-60,190,0.09807862012948851,123
19.786926701074844,1.0,Medium,55,36-45,192,0.05472236379696214,211
39.64647842769681,0.8,Medium,98,18-25,210,0.0375888615590103,58
40.745436029032746,1.2,Medium,78,36-45,187,0.099831873247836,367
71.32387582309964,0.8,Medium,41,18-25,195,0.07480842981050297,311
65.85542558546572,1.0,High,83,36-45,212,0.029429497392414766,360
56.78436308791999,1.0,High,63,60+,203,0.01048557721115948,260
21.662778151984323,1.2,High,34,60+,223,0.05950179473669239,384
45.96848260878362,0.8,Low,16,46-60,192,0.09503331824917986,435
53.56182298302198,0.8,Medium,37,46-60,196,0.08031931338782805,418
50.590094162987036,0.8,Medium,51,60+,189,0.07172053587766236,458
63.257992031412655,0.8,Medium,90,60+,193,0.0677914422674335,148
42.92044582602624,1.2,High,16,26-35,191,0.053028751622589784,111
42.687991630542264,1.2,Low,74,26-35,172,0.012320083426015517,319
45.49501720228704,1.0,Medium,97,26-35,207,0.09465518071843348,98
49.46177773822013,1.2,Medium,48,26-35,207,0.07831342481108831,58
47.853886944984694,1.2,Medium,87,46-60,192,0.038829942667774515,150
60.16744523722523,1.0,Medium,68,26-35,185,0.03321002880326586,349
45.54956291206624,1.2,High,30,60+,212,0.062212023211075766,373
34.95676014670457,0.8,High,94,46-60,165,0.011103450510798408,255
46.02881936541054,1.0,Medium,46,26-35,200,0.05207546395859977,59
48.13009577505845,0.8,Low,70,18-25,200,0.04009561251497261,487
43.865351922175215,1.0,Medium,97,36-45,197,0.08179732860159038,281
52.14291851673017,1.0,Medium,38,26-35,187,0.036617024257360915,252
51.91146033698916,0.8,Medium,92,26-35,197,0.09834118066509943,335
53.89080685726257,1.0,Low,30,60+,195,0.09786130330956992,287
65.84634374357006,1.0,Medium,41,18-25,199,0.02809951748928779,440
55.11205854092537,1.2,High,32,26-35,195,0.022058821736869128,167
44.01404989421357,0.8,Low,72,46-60,198,0.01582230951857922,303
50.456692684158774,0.8,Low,37,36-45,179,0.02985222476933925,425
50.26514279798977,0.8,High,25,26-35,196,0.08915385794754045,403
52.30571431035973,1.0,High,50,26-35,200,0.02216154176104508,337
35.08815530293843,1.2,Medium,85,18-25,223,0.031512542211819726,435
40.738669773755674,1.2,Medium,31,46-60,197,0.04223793513486421,338
50.76415944337148,0.8,High,64,36-45,207,0.03800165315847903,408
42.97784350707774,1.0,Medium,66,60+,194,0.0875114100480067,270
37.79114692752819,1.0,Medium,68,60+,196,0.04342829472584759,276
61.17658998635818,0.8,High,69,26-35,192,0.03241977469126469,328
65.79040599394006,1.0,Low,71,60+,204,0.04626753919230375,193
66.34030760869885,1.0,Low,63,36-45,176,0.08736629486620415,253
35.0678098654264,1.0,Low,30,26-35,191,0.07769253890700616,485
61.01223726518262,1.0,High,58,46-60,231,0.0737165169251325,231
51.169799095722944,1.2,Medium,38,46-60,209,0.0933509099060874,481
53.30765497470307,1.2,High,42,26-35,198,0.017950897462060262,100
49.58393776337419,1.0,Medium,99,26-35,197,0.09580938516184524,468
35.306134727447,1.0,Medium,26,46-60,196,0.09512370190543092,313
55.197619938467014,1.0,Medium,49,36-45,202,0.06594983408366803,122
42.12964143286755,1.0,Low,64,60+,206,0.03171732765775546,70
41.26836618600321,0.8,Medium,38,26-35,189,0.026856136427137474,445
59.47070143452964,1.2,Medium,12,18-25,199,0.07986675956285376,138
42.21794190812457,1.0,Medium,47,60+,192,0.08331365843268486,98
53.422009116560425,0.8,Medium,25,18-25,211,0.0312317052853692,466
48.65741071064523,1.0,High,77,18-25,188,0.061778124466065204,157
47.81443672373008,0.8,Low,98,46-60,180,0.021755269670357576,163
61.32656926811042,0.8,Medium,39,60+,191,0.09237751490738666,118
68.75355097638013,1.0,Medium,67,46-60,199,0.05727193257526779,362
65.44762392248991,1.0,Medium,27,26-35,217,0.06838687427188773,440
52.49252010990784,1.0,Medium,52,46-60,199,0.044391209149525296,316
29.598248844048058,1.2,High,46,26-35,207,0.06131701515825147,251
50.734758902142545,1.0,Low,60,60+,224,0.04471970270020657,383
47.85391845305481,1.2,Medium,87,36-45,204,0.07065267167922595,321
52.80527355260501,1.0,Medium,62,26-35,188,0.053294376801472435,84
60.26559126917729,1.2,Medium,73,36-45,199,0.08340947026861037,452
48.9824437051352,1.2,Medium,45,36-45,209,0.018499766154528842,83
48.110173077305106,1.2,High,90,18-25,200,0.01628956793994407,233
61.74548923820487,1.0,High,47,26-35,176,0.0830235444333782,161
48.83825827573834,1.2,Medium,48,18-25,187,0.011575761660351645,185
61.564194943831204,1.2,Medium,63,46-60,239,0.041485838688579274,314
38.285332270042325,1.2,Medium,73,60+,204,0.028597124023284896,213
40.689535598405485,1.0,High,56,18-25,200,0.0809464753810301,56
71.73962334829855,0.8,High,13,46-60,205,0.0793924018268974,113
72.82037125223896,0.8,Medium,18,60+,177,0.05051504805696183,163
59.16939879912199,1.0,Medium,18,26-35,209,0.047533920164072825,122
59.50015833712316,0.8,Medium,19,46-60,206,0.08407081497669873,433
53.8697553784133,0.8,Medium,38,18-25,208,0.08131260792444917,222
45.86350728806188,0.8,High,19,60+,179,0.04567726522293798,374
42.72464181810117,1.0,Medium,18,26-35,216,0.06727494443610081,137
35.571845631273085,1.0,Low,99,46-60,227,0.029558444219793395,258
64.12242146950689,0.8,Medium,32,26-35,199,0.011350141912932286,75
47.705061108889026,0.8,Low,12,46-60,211,0.04451361136060613,67
38.00312183772821,1.0,Low,49,18-25,198,0.07980112080627401,496
51.267973898761056,1.0,High,92,46-60,203,0.021669067211248824,309
60.04119656048022,1.0,Medium,34,18-25,220,0.08583306945725609,430
52.69613339923272,1.0,Low,97,36-45,201,0.08596614264258773,387
58.62402335194415,1.2,Medium,71,36-45,190,0.0862808638132302,81
63.41022639484914,1.2,Medium,59,36-45,160,0.03520381056248082,61
63.32703024674002,0.8,Medium,39,60+,212,0.06772428109592865,222
41.714986062971455,1.2,Low,49,36-45,189,0.0730074079669574,379
48.41459354786979,1.2,High,71,26-35,203,0.03992421082650919,226
42.717533464753785,1.2,Medium,52,26-35,208,0.012365741161949509,385
70.29084941158928,1.2,Medium,40,46-60,193,0.06816890693779641,489
47.56500948815179,0.8,Medium,52,18-25,194,0.03506159360227499,485
41.997961142960456,1.2,High,31,46-60,204,0.03414320705124798,187
39.680965040188745,0.8,Medium,24,46-60,192,0.05875148105943557,235
65.79950521998833,0.8,Medium,17,26-35,165,0.010203293106471105,321
66.03173843912793,1.2,Medium,33,36-45,205,0.07324239221434303,90
63.90198156638943,0.8,Low,14,26-35,203,0.025052479432557864,172
60.58849720761689,0.8,Low,80,60+,220,0.07172818336384686,398
42.85016826795136,1.2,High,67,60+,187,0.03638664906126051,275
51.68694307459809,1.0,Low,34,46-60,208,0.06186621127972637,433
53.035768705241196,1.2,High,78,46-60,201,0.07925255270217477,431
55.629098428690725,0.8,Medium,38,46-60,206,0.08221919062614462,287
38.57873900660632,1.2,Medium,30,36-45,229,0.07494543914927733,301
47.66535926972884,0.8,High,56,26-35,210,0.014631791985520438,68
51.5269714720882,0.8,Medium,15,18-25,192,0.06089486019546964,243
57.14849387120621,0.8,Medium,99,46-60,226,0.08205182238178109,62
64.28105231570186,1.0,Medium,68,18-25,192,0.07403433194521808,485
53.49061636576069,1.0,High,48,36-45,218,0.04007999791693718,290
32.246529156653835,1.2,Medium,91,60+,197,0.02804805468856296,227
36.1060746913161,0.8,Medium,71,36-45,211,0.06174483505336403,404
56.26791178460449,1.2,Low,26,18-25,194,0.03865221399329784,246
55.09397755012281,1.0,Medium,44,26-35,184,0.041272417735646015,378
47.16904524350719,1.0,High,49,26-35,169,0.07617772212908924,374
36.93978561451932,1.0,Medium,66,26-35,195,0.07844365448721671,215
44.32864369214094,0.8,Low,68,26-35,206,0.03195311826226613,79
57.72876745275405,1.0,Low,62,36-45,192,0.05204871048819778,253
56.31273491308875,0.8,Low,46,18-25,205,0.04868079283911657,446
41.21927211242915,1.0,Medium,19,18-25,200,0.08909315901785259,204
62.551528329072056,1.2,Low,67,18-25,205,0.03318130963773764,186
36.95552108754387,1.2,Low,67,36-45,202,0.05805143279077834,107
39.58797941251602,1.2,High,21,26-35,217,0.021804427973750203,102
54.88657779314384,0.8,Medium,83,18-25,207,0.07758425954976574,67
40.23741527265326,1.2,Medium,52,60+,168,0.02444658942450571,159
61.97616017418475,0.8,Low,29,18-25,199,0.06996839282033282,320
48.486687113213236,1.2,Medium,90,18-25,188,0.08042785218434612,314
30.66374557006009,1.0,Medium,95,60+,198,0.0641643909850902,210
54.82515824552313,1.0,Medium,81,18-25,209,0.08662007432496656,140
49.44633241730129,0.8,Low,42,46-60,216,0.07576033612731796,294
50.882746378311055,0.8,Medium,58,18-25,224,0.03187031024745611,216
44.7092220361196,1.2,High,33,60+,213,0.035239188060648935,490
28.238720221804712,1.2,Medium,91,46-60,208,0.06986587231532158,77
44.84284644830439,1.2,Low,74,26-35,205,0.030433880247413538,362
46.104094724522405,1.0,Low,66,46-60,228,0.09812173505968115,434
35.48923324343587,1.0,Low,95,26-35,246,0.08889685926931089,166
37.62691584430536,1.2,Low,23,18-25,189,0.09001465413507828,160
38.94666849162947,1.2,Low,42,60+,213,0.05802370232574496,351
59.02309604677915,0.8,High,51,46-60,222,0.058562115357663994,377
18.7521625793065,1.2,Medium,92,46-60,222,0.0508177171505685,471
56.2161339940045,1.0,Medium,27,26-35,195,0.07651992989429256,340
35.16384240359158,1.2,Medium,25,46-60,201,0.06117766732370468,382
55.80874886499521,0.8,Low,77,36-45,213,0.05517622466898386,383
60.08040834617496,1.0,Medium,85,60+,218,0.09738304841837701,372
47.35684700499184,1.2,Low,16,26-35,195,0.05097912270799401,113
49.73742448988816,1.0,High,73,46-60,227,0.015099728634943453,209
50.645136970573525,1.0,Low,67,60+,188,0.07595667960748248,385
24.341307923869415,1.0,Medium,52,60+,211,0.07160467953614824,98
60.303070289886904,0.8,Medium,54,46-60,189,0.057659402582242385,189
63.39013124283599,1.2,Medium,95,46-60,198,0.09189110890790067,378
28.486291454799627,1.0,Medium,26,26-35,186,0.06862253489176491,370
60.603344849666016,1.0,Low,51,60+,220,0.06447368150852585,168
39.02632075911013,0.8,Medium,12,46-60,203,0.07086938783086905,109
43.41175653612517,1.0,Medium,30,60+,212,0.08458115239957671,439
41.92102383277286,0.8,Medium,22,26-35,168,0.07686256367643217,458
46.38228330681282,1.2,Low,42,60+,185,0.07453331320135903,325
57.8412124008201,1.0,Medium,32,18-25,207,0.035128679605780096,327
50.83375070896509,0.8,Medium,81,36-45,195,0.023752251013434634,79
44.02227391228078,1.0,Medium,76,26-35,208,0.037862907506587246,253
40.44799444557819,1.2,Medium,12,18-25,207,0.06766223580129452,366
35.47469171147605,1.2,Low,79,36-45,222,0.018255014695263562,98
59.80727905287705,0.8,Medium,55,18-25,215,0.06802702988117286,257
39.80951322409143,1.2,Low,79,36-45,205,0.02015733855655962,284
28.023075628784685,0.8,High,37,46-60,220,0.017786732549868553,413
50.94583841940298,1.2,Medium,12,46-60,219,0.09946729394848848,279
26.314278097549945,0.8,Medium,72,46-60,200,0.05333022383437671,254
49.77264679303327,0.8,Low,87,26-35,188,0.034641692639571516,443
48.81906050034606,1.2,High,83,46-60,194,0.04195143817719298,239
59.716026389117964,0.8,Low,88,18-25,210,0.06701447303174722,272
51.82914358287228,0.8,Medium,80,18-25,184,0.09091775091821393,141
54.13090752789418,1.0,Medium,30,46-60,204,0.06075709103613904,470
48.831620325033114,1.2,High,52,18-25,198,0.0682179997241838,324
39.669108125951354,1.0,Medium,95,36-45,228,0.07286013187900911,128
43.55164102479817,0.8,Low,31,36-45,203,0.04809841471810045,337
61.63663681580793,0.8,High,99,26-35,197,0.01244225392915947,138
51.423459611047804,1.2,Medium,21,46-60,187,0.011582175596905839,402
38.88797825302814,0.8,Medium,20,26-35,214,0.08467930886103833,373
53.195846929240034,0.8,High,72,60+,194,0.014890388750593387,388
45.39356776936266,1.0,Low,69,46-60,206,0.088716603561391,380
39.721507140190496,1.0,Medium,24,26-35,171,0.06844074215789539,141
44.44350342054543,1.2,Low,76,60+,192,0.0881897111927581,405
51.027906608842336,1.2,Low,44,60+,192,0.022336627373635974,275
44.93537344918868,1.0,Low,72,26-35,226,0.07426720622903386,121
49.27268579961198,0.8,High,73,60+,198,0.04578825130878084,116
39.12413578908972,0.8,Medium,12,36-45,187,0.07374224188477449,494
47.44325048469777,1.2,Low,81,26-35,185,0.09287499067855917,137
55.40659293137619,0.8,Low,99,60+,207,0.02783623766609916,126
49.090707741130785,0.8,Low,34,46-60,186,0.06928688420185945,280
49.329788759205485,1.2,Medium,99,26-35,218,0.09812359003954024,118
35.95829665666821,0.8,Low,46,60+,189,0.04032249336944281,280
44.96191443244148,1.0,Medium,41,26-35,184,0.06215231761435152,384
61.93841371846322,1.2,Medium,23,26-35,195,0.02037696288092771,477
52.63768630347901,1.0,Medium,52,36-45,217,0.030304806435599414,483
48.05253537726818,1.0,Medium,48,60+,228,0.025435418816033374,288
50.83666282225205,1.2,Medium,14,46-60,194,0.01635188720630837,414
47.484528900490744,1.0,Medium,44,18-25,205,0.055489852054469144,218
50.920226241686684,1.0,Medium,15,46-60,191,0.02947725732468741,313
59.06099364007747,0.8,Medium,36,46-60,200,0.07932825623650742,408
39.67522928495459,0.8,Low,94,60+,186,0.027905629790816636,342
46.30357218736282,1.2,Low,46,36-45,188,0.011297732904370967,65
53.71648503638476,1.0,Low,94,36-45,216,0.07320172002935062,474
41.43414394343742,1.0,Medium,80,60+,210,0.04210172828290292,117
29.307312764895528,0.8,High,83,36-45,207,0.012998135189923512,156
57.23465710503649,1.0,Medium,22,60+,218,0.033255167681875565,356
65.09829103056688,1.2,Medium,20,18-25,206,0.06098329155981336,452
52.08226699201113,1.0,Medium,85,36-45,200,0.053980607545695974,440
49.49819967901867,1.2,Medium,38,36-45,184,0.07181526646965057,113
52.77289040824198,1.2,High,67,18-25,179,0.07015312596234503,443
36.516189230630005,1.2,Low,51,36-45,189,0.0510373127658213,170
54.91334881009348,1.2,Medium,33,26-35,192,0.020530078564001016,484
52.57169443124814,1.0,Medium,96,26-35,192,0.023700650232026207,98
54.694383095433004,0.8,Medium,26,36-45,203,0.08782640000274364,205
35.1895584044451,1.0,Medium,13,26-35,182,0.059915866005957615,370
48.15536930374078,1.0,Medium,71,18-25,179,0.021209872084294742,155
30.583921850918404,0.8,Low,71,18-25,185,0.08854586138385927,189
40.89847786741021,1.0,Low,88,60+,201,0.06781791924675981,454
56.31149664336154,1.2,Medium,85,26-35,205,0.053200489126365554,93
35.76163944217781,1.2,Low,63,46-60,195,0.09574323347651222,357
39.27778957632401,1.0,Medium,83,36-45,203,0.09206241658285867,238
44.49372445220868,1.0,Medium,12,26-35,212,0.017019017226205455,150
63.8900423140004,1.0,Low,60,60+,177,0.07022704846923461,157
49.222785478462136,0.8,Medium,89,26-35,199,0.08766944692819138,433
44.13665414631854,0.8,High,83,60+,181,0.0918778029330867,107
56.37690232345135,0.8,Medium,52,18-25,214,0.034976456680509284,319
63.26669199803923,1.0,Medium,83,60+,192,0.07549187238895746,73
52.034552573493954,1.2,Medium,44,18-25,190,0.07484684456136977,171
57.55640577151569,1.0,High,23,36-45,227,0.01682733586186572,411
46.51132418841388,0.8,High,13,26-35,221,0.024242707801542078,55
35.78321176734036,1.0,Low,91,60+,186,0.03826129196785957,184
34.68108578338854,1.2,High,12,60+,213,0.01869849311484072,243
25.50116055757674,1.2,Medium,67,18-25,178,0.06899955305154433,60
44.65716365421252,0.8,Medium,34,46-60,199,0.0965367953852849,204
51.56557869347385,1.2,Low,77,60+,205,0.04930186792567983,439
34.42333658311837,1.2,High,93,18-25,188,0.04231532598678908,96
49.9800582945538,1.2,Medium,28,18-25,199,0.05435813484110521,374
57.27715264888286,1.2,Medium,49,26-35,173,0.08493015833328005,219
41.31604678620463,0.8,Low,70,36-45,199,0.07836711492871018,200
39.17638420988358,1.0,High,12,18-25,205,0.0769281511562335,307
44.48046476398541,1.0,Medium,24,46-60,199,0.06711105375942392,307
46.93190924661394,1.0,Low,93,26-35,186,0.013490375857809628,478
68.61892953033556,1.2,High,21,60+,194,0.05787108635471835,372
33.89973914654237,0.8,Medium,50,18-25,197,0.08733911153679305,405
45.65909000829575,1.2,Medium,17,26-35,197,0.05668360031480144,135
40.33113992937894,1.2,Low,88,18-25,189,0.011953103115503521,423
61.04409285675041,1.2,Medium,87,18-25,193,0.0314286326862536,314
44.7165469897832,0.8,Low,70,18-25,203,0.042588435759317075,454
57.6621260032104,1.2,Low,26,60+,200,0.036640972237664264,185
77.75106948794522,0.8,High,86,18-25,237,0.013371141848164417,155
54.944854007258414,1.0,Low,73,46-60,222,0.04518910404920738,378
56.24285675222838,1.0,Low,19,26-35,218,0.04926379866753495,92
66.72131142666592,1.0,Medium,91,60+,202,0.010522515928709057,362
41.104924623754435,0.8,Medium,32,18-25,187,0.08073180675419829,340
45.02510474942668,0.8,Medium,60,60+,200,0.047000812781577285,250
59.0622499353663,1.0,High,51,46-60,192,0.08781253821177294,164
44.31931972679418,1.0,Medium,65,26-35,202,0.08660378621172028,430
49.265554200587545,1.0,Medium,97,46-60,211,0.035069802408793614,138
39.48966644484454,1.2,Medium,26,36-45,205,0.03131142465408169,141
35.88648195193481,1.0,Medium,83,60+,195,0.08739533907700134,492
46.335035064751025,0.8,Low,95,60+,191,0.06522231365818834,463
45.150088034568014,1.0,High,70,46-60,205,0.044020782203795183,390
51.615734680028226,1.0,High,54,18-25,173,0.018037669105949623,364
57.31402373772616,1.0,Low,82,26-35,211,0.07436144162935227,314
47.50631937234879,1.0,High,13,18-25,188,0.023904472404378728,289
65.31878856503437,0.8,Low,23,46-60,221,0.05239895207928998,214
60.38136506593798,1.0,High,15,46-60,221,0.028989987148194667,65
49.376644780463366,1.0,Medium,21,46-60,181,0.03753228315828686,456
37.67075170915712,1.0,Low,42,26-35,209,0.04364063286708163,319
41.42767953950319,1.2,Medium,65,18-25,191,0.0483712608276946,135
52.57063966301178,1.0,Medium,53,46-60,210,0.07766828508501278,164
63.454701163433256,1.2,Medium,29,26-35,191,0.01123257646965592,352
43.99297535903151,1.0,Low,70,60+,226,0.05079053354356933,290
45.18209539341593,1.0,Low,50,18-25,203,0.07740590360749731,287
42.43924309416353,1.0,Medium,13,26-35,208,0.04546919478805849,99
51.27253798856374,1.2,Low,44,46-60,168,0.09400017229692986,185
43.33205482146905,1.2,High,71,46-60,198,0.0779944248019543,366
47.404110835461026,1.0,Medium,96,26-35,200,0.05396563215292907,77
56.31758404064352,1.0,Low,83,60+,208,0.021856444672212996,102
46.945295081086094,0.8,Medium,26,36-45,194,0.09014163409404856,359
38.410234243605544,0.8,Low,58,46-60,191,0.06687027589328914,422
37.37977586857347,1.0,Medium,48,60+,229,0.020735095371610404,212
38.824367323416226,0.8,Medium,59,60+,204,0.09457229860877579,360
37.041947002026504,0.8,High,44,36-45,199,0.09168290965116374,486
49.96928593429559,0.8,Medium,89,26-35,192,0.07481316189561012,387
53.12621840593988,1.0,High,16,26-35,199,0.08838437970006988,228
31.532490175309213,1.0,Medium,13,46-60,204,0.05606675680489718,177
44.57922612883912,1.0,Low,61,36-45,180,0.011593128301743624,92
62.85557404987247,1.2,Low,71,18-25,217,0.043566640447311206,273
47.688605494463346,1.0,High,19,46-60,199,0.09584261765993614,220
59.18334832037878,1.2,High,59,26-35,181,0.058056373255198926,310
54.325311427245936,0.8,Medium,92,18-25,222,0.06593348017295123,347
45.27513991533589,1.0,Medium,86,60+,197,0.031094865388997188,452
40.112826992030946,1.0,Medium,30,46-60,201,0.04007530169378552,283
64.17754378811078,1.0,Low,51,36-45,219,0.07745775476103958,124
55.25169253533356,1.0,High,49,36-45,206,0.05998876269904809,273
52.27285124610033,0.8,Medium,91,18-25,188,0.0995217401759986,50
47.17784031906028,1.2,Medium,24,18-25,185,0.07701808486467918,238
45.44130563239649,1.0,Low,11,26-35,203,0.010266356791955165,133
57.05364282912091,1.2,Medium,19,26-35,180,0.04135655788631604,71
39.555606140153145,0.8,High,10,60+,202,0.014221506573151571,187
42.299366275670856,0.8,Medium,41,60+,192,0.053555491209140924,430
43.40149236954692,1.0,Low,90,60+,172,0.06858060274394882,169
64.99978941550465,0.8,Low,37,46-60,193,0.09774329289669167,438
46.907751948421165,1.2,Medium,97,46-60,208,0.01750182428579663,144
47.256151573992945,1.2,Low,89,36-45,211,0.09300243327492132,455
29.40420655918057,0.8,Low,38,36-45,232,0.014229486055145919,66
43.50894452523442,1.2,Low,26,46-60,219,0.07024801231282805,51
60.21134313532353,1.0,Low,43,18-25,196,0.041992832469831605,115
47.43015058373928,0.8,Medium,28,46-60,203,0.06252619576084116,211
59.982210934430704,0.8,Low,84,18-25,173,0.08847568230919771,185
55.92618247387167,1.0,Medium,36,26-35,222,0.05453337670946204,51
58.225114904507286,1.0,Low,68,36-45,188,0.08479857713312652,145
44.648978707809704,1.0,Medium,64,60+,211,0.08694024427009525,424
43.7129229003659,0.8,Low,44,46-60,188,0.015082442171221878,165
50.542274439933166,1.0,Medium,46,18-25,225,0.09260444420944659,108
40.71535449568253,0.8,High,92,26-35,196,0.06273154465904193,405
49.455715885956494,1.2,Medium,28,60+,189,0.030051929491695745,119
36.772702128644944,1.0,Low,53,18-25,205,0.03147056594085754,133
59.69110526296616,1.0,Medium,45,18-25,185,0.033574987828621186,462
45.8969446969875,1.2,Medium,72,36-45,204,0.07305416386188857,356
49.59498161493032,1.0,Low,36,18-25,218,0.09568688416453193,285
45.9706287983932,1.2,Medium,14,18-25,187,0.04447418067727919,438
46.79473539748686,1.0,Low,23,18-25,233,0.07788733522276997,271
55.38676255010259,1.0,Medium,55,60+,188,0.05437376241785219,283
57.91036719048865,1.0,Low,11,18-25,245,0.011629572077584555,406
36.98841251817598,0.8,Medium,67,36-45,207,0.06694189767277227,204
56.216835509787515,1.2,Medium,15,60+,189,0.09979308912356345,411
49.56440806681808,0.8,Medium,84,26-35,183,0.05041515384092902,56
48.39188354380045,1.2,High,58,36-45,196,0.03211005638702454,474
69.89888982579524,1.0,Medium,13,18-25,224,0.051235453732984555,99
38.82388016878596,1.2,Low,57,60+,188,0.06544412875731884,248
56.64199996635786,1.2,Low,33,26-35,214,0.09848893891064013,441
44.30329404635468,0.8,Medium,89,46-60,200,0.012715609849036871,459
67.35791972436766,1.2,Medium,95,36-45,205,0.0878331124613194,287
44.2310834801625,1.0,High,84,26-35,198,0.09846950583318352,104
42.56135015986681,1.0,High,41,60+,196,0.05008822258176349,76
47.63051170240337,1.2,High,98,26-35,202,0.08480665229519524,355
33.574848828331824,0.8,Low,96,26-35,201,0.08097559622200438,443
58.15873027189768,1.2,Low,54,36-45,192,0.0453136837378525,274
33.92429820310026,1.2,Low,53,26-35,208,0.03218366452300294,305
69.9081983864478,1.2,Medium,42,60+,211,0.07150681661801456,313
45.568240016125905,1.0,High,22,26-35,194,0.09241163671989566,236
26.723692556805958,1.0,High,14,26-35,195,0.07051307723224308,54
46.61079660056167,1.0,Low,88,18-25,190,0.026062219882916376,354
35.34104227712824,1.2,Low,75,60+,182,0.03944700617857856,60
46.965802307928904,1.2,Medium,56,60+,181,0.02034092856920824,433
73.51022869839096,1.0,High,22,18-25,210,0.0655538362881094,316
54.07455166133573,1.2,High,16,26-35,203,0.021580453100614565,264
42.42184107158255,1.0,Low,23,26-35,221,0.09489250162121499,432
46.049949682678175,0.8,High,53,18-25,195,0.09602501115392523,66
61.48558481926256,0.8,Low,48,60+,215,0.03992859485396403,169
74.47631553663143,1.2,Medium,43,36-45,207,0.07106206799300804,317
57.579500199342235,1.0,Low,80,36-45,173,0.07761028139904244,357
44.19561565376628,1.0,Low,50,60+,192,0.04826599122698713,133
58.252058479484745,1.0,Low,16,60+,192,0.07195949757958134,230
40.289895396257435,1.2,High,56,26-35,195,0.08608168921367085,61
47.783234140360605,1.2,Low,44,18-25,214,0.058150614239624386,494
49.72139189980394,1.0,Medium,65,46-60,198,0.08505787282762137,126
68.29112940991087,1.0,High,25,26-35,209,0.01814007759902107,334
35.38927701295788,1.2,Medium,98,18-25,175,0.0256424478836261,469
43.653087598761495,1.0,Medium,54,60+,217,0.0460617077381014,83
29.277945117145123,1.0,Medium,30,18-25,194,0.07175758594734623,164
41.63823097488995,1.2,Medium,97,36-45,196,0.08889104998408758,88
38.17369794225314,1.0,Medium,60,18-25,218,0.02624101861582167,252
71.9446515747108,1.0,Medium,43,26-35,186,0.024771285439038233,170
56.874274579128596,0.8,Medium,87,26-35,185,0.03584625328068552,267
68.53226082355866,1.0,Medium,23,18-25,205,0.05943178774873692,488
40.227745433835295,1.2,High,19,36-45,200,0.025813922582993733,283
40.25055981125207,1.2,Low,57,60+,198,0.04387284699936425,235
47.16800200128252,0.8,High,30,26-35,189,0.028091795763062352,133
60.1906780323731,1.0,High,74,46-60,183,0.040982937571863096,72
49.49653181337446,1.2,Low,50,18-25,207,0.041047382438965566,467
49.86271617624492,0.8,Medium,19,18-25,206,0.02323416628428523,310
51.271054631447605,1.0,Medium,69,26-35,206,0.044914293712091054,302
31.527298066368715,1.2,Medium,58,18-25,221,0.039414626120950494,127
37.67505402555379,0.8,Medium,13,36-45,216,0.07563441799677238,416
53.62134478748079,1.0,Medium,27,46-60,210,0.06767112502425163,105
51.30825332190853,0.8,High,94,60+,174,0.03759845618761963,424
65.24282390106822,1.0,Medium,34,46-60,194,0.05978466226951148,352
65.11092559171857,1.0,Low,69,36-45,180,0.07116568130514682,287
67.15035911990394,0.8,Medium,53,26-35,191,0.038008656437884016,312
46.34799606615421,1.2,Medium,94,60+,165,0.029607004835580812,311
53.05634217830062,1.0,High,42,46-60,230,0.030271631680366243,261
54.56164533748692,1.0,Medium,54,18-25,205,0.09530379848545309,360
51.12014134328986,1.2,Low,17,26-35,196,0.0901668028538663,147
40.12996734749457,1.0,Low,71,18-25,207,0.09614310859681185,210
48.15893690913937,1.0,Medium,60,26-35,207,0.011101413582281191,398
67.35458588388218,0.8,Medium,70,36-45,194,0.024365118377718244,193
50.6014121478297,0.8,Low,88,18-25,210,0.06103830138422546,243
55.52678109375418,1.0,Medium,18,60+,197,0.016589096469140457,421
43.767872677409045,1.0,Low,99,26-35,211,0.0552978115204238,354
31.269678832018762,1.0,High,83,46-60,188,0.08373472548654202,204
66.17168130267807,0.8,Low,70,46-60,169,0.07969558316929808,329
48.30009248139806,1.0,High,61,26-35,183,0.05935851174656667,227
64.8432082712088,1.0,Low,70,26-35,204,0.0759486848374308,91
43.336941894272385,1.0,Medium,61,26-35,198,0.04483814622115131,274
36.83054895669096,0.8,Low,57,26-35,195,0.05834063980151719,218
58.03776296864076,0.8,Low,91,36-45,200,0.07096605285601428,132
44.57036355147165,1.0,Medium,54,18-25,193,0.0593839878315091,160
42.10600628470849,0.8,Medium,56,36-45,219,0.06171366365117071,72
67.03698671629913,0.8,High,15,18-25,197,0.04262601772681495,312
60.88060418473343,1.0,Medium,46,36-45,212,0.06174472099715831,263
54.72696603472459,1.2,Medium,72,46-60,188,0.06352092820177012,149
43.62410862083782,1.2,Low,19,18-25,210,0.07656283911915429,484
51.71393608893786,0.8,Medium,26,36-45,208,0.04502257839032262,111
62.58178207717346,1.2,Medium,47,36-45,206,0.09876804210139163,355
45.77834825386629,1.0,Medium,64,26-35,190,0.013252096956928928,171
71.8454572331672,0.8,Medium,89,18-25,226,0.08438280817868464,306
56.01640291872451,1.0,High,68,60+,180,0.045518829966472614,118
61.93442182722332,1.2,Medium,89,46-60,199,0.0544403972529577,191
67.55554840148895,0.8,Medium,15,26-35,217,0.07211281907105108,114
38.76345825732317,0.8,Medium,18,26-35,199,0.09515833634481481,113
36.56912543577616,0.8,Low,87,46-60,186,0.06748549353350076,62
60.57331186605148,1.0,High,74,60+,201,0.07700091156392876,199
52.97236214607013,1.2,Medium,25,26-35,195,0.08463641657791586,455
40.393216388516336,0.8,Medium,21,36-45,197,0.058339728804826345,225
46.249492602741334,1.0,Medium,13,18-25,203,0.03198714436604213,492
48.89016737188055,1.0,Medium,50,18-25,205,0.028098591906269947,400
53.91990458113464,1.0,Medium,58,60+,197,0.05029256771871603,411
70.73483429885641,1.0,Low,14,36-45,205,0.07512575843085546,93
49.845513493107774,0.8,Low,44,18-25,208,0.01948768276027455,452
54.3973880666866,1.0,High,12,26-35,216,0.0780993531247924,148
47.98381552878578,1.0,Medium,61,26-35,217,0.05116626475604717,413
30.873080749352525,1.2,Low,63,60+,212,0.017202694647184755,439
34.84580379806734,1.2,Medium,56,18-25,220,0.07637593499947556,208
36.51889294477135,1.0,Low,55,18-25,174,0.039660091325239066,62
47.08910133534306,1.0,Medium,26,18-25,203,0.0418536000961919,459
63.3686505645868,0.8,Low,44,60+,199,0.029183821798277464,359
56.691855414210224,1.2,Medium,71,26-35,169,0.02393778902519221,208
47.599474069447,1.0,Low,50,46-60,196,0.05170746780602855,137
30.8165999164628,1.0,Medium,85,46-60,185,0.028717293991966278,81
54.80731992704535,0.8,Medium,55,36-45,199,0.020372821694478394,229
40.0099672306772,1.0,High,76,60+,217,0.03174996861429378,408
39.44755973613718,1.0,Low,72,60+,181,0.015798716848243362,332
47.285580875209405,0.8,Medium,65,18-25,191,0.09343065902750419,424
55.46482042185304,1.0,High,92,18-25,202,0.0805911051366766,98
56.604417644540334,0.8,Medium,69,26-35,193,0.023247681112043513,334
34.131711571488154,1.0,Medium,65,26-35,207,0.06519452146141226,283
29.538615071946115,0.8,Low,66,18-25,187,0.06823551956203085,357
56.806956995350305,1.0,Medium,53,18-25,202,0.03788600441203178,265
32.44845029152198,1.0,Medium,63,26-35,191,0.03227103412788781,454
44.73615727347862,0.8,Low,77,36-45,222,0.030102715950579402,73
50.37751148710108,1.2,Low,42,46-60,187,0.06777074634326515,129
46.77757192830372,0.8,Low,96,60+,218,0.0455172102216041,288
59.01418989586931,0.8,Medium,91,46-60,199,0.04927296503733024,157
43.46859772006425,0.8,High,97,26-35,191,0.018989184127572008,413
56.844439044074704,1.2,Low,31,26-35,215,0.06971793645012014,390
44.0028925052824,1.2,Medium,68,18-25,188,0.05774050489556184,225
59.16202183976224,1.2,Low,15,60+,214,0.045343557472632884,77
49.712868146010884,1.2,Low,90,36-45,200,0.07718221232653126,60
64.5686958407319,1.2,Medium,24,36-45,204,0.08669557136985422,411
37.19995495996832,1.0,Medium,80,18-25,202,0.08719462705052919,202
53.30141310564051,1.0,Medium,87,18-25,209,0.08433082788284675,384
40.69870315847501,0.8,Medium,41,46-60,190,0.0579932521705404,174
59.81087732902915,1.0,High,88,26-35,192,0.06858865398433481,236
54.500932276804214,1.0,Medium,95,26-35,192,0.04805431994596291,375
49.06876338260231,0.8,Medium,83,46-60,212,0.06189172167871464,86
46.22367118313321,1.0,Low,80,60+,210,0.013597813865511179,134
59.42652977489697,1.0,Medium,63,60+,221,0.04735554364563517,404
48.06931034758908,1.2,Medium,45,26-35,173,0.056272356873250495,101
75.31393595040583,0.8,Medium,18,46-60,223,0.018742634459536854,219
41.557095825445515,0.8,Medium,41,46-60,201,0.09608576784982065,490
44.78694205599398,1.0,High,75,60+,192,0.04443489152996,416
59.49494509070484,1.0,Medium,11,18-25,252,0.09719678659094508,416
48.52414718860053,1.0,High,53,46-60,220,0.04118227058316581,151
74.57278850044284,0.8,Medium,81,46-60,198,0.03486719236282602,173
42.57027642860753,1.0,Low,59,46-60,190,0.025788905645764595,76
38.08050267356097,0.8,Medium,45,18-25,191,0.08094627281292036,138
27.766947291660028,1.0,Medium,10,36-45,180,0.0437323349383665,375
48.106680616164965,1.0,Medium,50,60+,193,0.05069552941054125,188
37.77068389016762,1.2,High,97,46-60,204,0.049903946469874505,209
56.12037353546487,0.8,Medium,34,18-25,205,0.041596502327251476,338
57.73235841603804,0.8,Medium,57,60+,191,0.06447507079693604,374
50.044696056920586,1.2,High,41,46-60,225,0.09129056792806312,473
60.722468080459336,1.0,High,85,26-35,210,0.029416822936987067,452
43.024115386804525,1.0,Medium,84,18-25,188,0.08372408602525411,85
58.33256893896869,1.2,Medium,63,36-45,188,0.09806731380380064,402
65.6828181565137,0.8,Medium,93,60+,224,0.06279452236328725,443
36.74680425270225,0.8,High,63,18-25,196,0.02711504743068123,178
52.295770852888936,1.2,Medium,72,60+,176,0.013729479241527872,344
59.023241305193515,1.0,Low,90,18-25,180,0.011723013906417794,104
37.40392337738763,0.8,High,73,26-35,192,0.014095781333051158,343
57.812325902674246,1.0,Low,74,26-35,190,0.09890970674406731,348
42.21437959981768,1.2,High,26,60+,192,0.025569746325316278,106
57.40127151555803,1.2,Medium,83,36-45,234,0.03604786018858853,81
52.84189612009575,1.0,Medium,49,26-35,219,0.09419354900945257,247
48.18376748605667,1.2,Medium,91,26-35,179,0.033833735324409635,226
31.092696790046578,0.8,Low,45,36-45,192,0.010204056812117617,409
67.5061917210628,1.0,High,37,26-35,203,0.017897086853743034,275
50.37207110303058,1.2,Low,63,60+,172,0.01898627121134148,237
52.56721143418224,1.0,Low,69,18-25,190,0.08473504724398827,272
37.852992632420424,1.2,Medium,61,26-35,209,0.042584351582475824,441
57.476858051401294,0.8,High,92,60+,201,0.0353159843403084,255
59.8434204034229,1.2,Medium,66,26-35,200,0.06749616464961676,317
49.9891009979562,1.0,Medium,30,60+,203,0.022225241080807832,99
31.07540633905186,0.8,Low,94,26-35,216,0.06140376108852207,365
65.4567411199174,1.2,Medium,49,60+,199,0.07194971027733661,302
65.22184712288345,1.2,Medium,27,26-35,202,0.05124059174149459,83
37.59035974780876,1.0,Low,98,26-35,229,0.09914927075308459,379
57.542305535077205,1.2,High,83,18-25,205,0.06950436427039473,411
49.53311686024418,1.0,Medium,49,26-35,205,0.03904319707852927,425
43.991237108700545,1.2,High,42,46-60,216,0.08761959918291282,79
62.24755544011353,0.8,Low,85,18-25,204,0.04638161751322532,375
73.72628232819338,1.2,Medium,27,60+,198,0.04036337638359141,445
57.483066642172375,1.2,Medium,54,26-35,210,0.0560301224206218,323
31.48793806623954,0.8,High,26,36-45,217,0.09773910986578822,356
32.848699408668764,1.2,Low,31,26-35,189,0.050597543518265786,104
37.47409253044215,0.8,High,73,18-25,209,0.06240419239609285,304
39.34208984132766,0.8,Medium,19,26-35,239,0.0631496835777058,124
39.22920018658805,1.2,Medium,98,18-25,199,0.01042782562700782,462
40.046559217115764,1.2,Low,81,36-45,209,0.06109184131959405,83
58.71827677632692,1.0,Medium,35,36-45,209,0.019542317259066688,191
53.65387384144474,1.0,Medium,18,36-45,181,0.04716867949588746,74
55.673917548939485,1.0,Low,86,46-60,187,0.07595839002103302,74
39.26441219507811,1.0,Medium,10,26-35,206,0.048307038734988324,448
53.8773342660729,1.0,Low,33,36-45,181,0.04930295360786829,230
49.2531198788707,0.8,High,34,46-60,214,0.0195604010380761,484
41.62064661221094,1.0,Low,86,60+,206,0.043094335129134395,420
60.41395379976333,1.0,Medium,42,18-25,216,0.06319301608640417,97
54.5890097125836,0.8,Medium,17,26-35,203,0.08596403186512859,151
50.75840254290968,1.2,Medium,12,26-35,207,0.08052964368989146,466
40.51202559217234,1.0,Medium,65,60+,193,0.029228456422319728,417
49.30894003700926,1.2,Medium,50,18-25,171,0.0375915284136588,114
34.186999966087974,0.8,Low,85,46-60,192,0.01981715051948829,497
53.598537722368874,1.2,Medium,85,46-60,194,0.018769944031825386,451
33.94660565216528,0.8,High,79,36-45,197,0.08588398901230744,91
47.20516690453298,1.2,Medium,30,36-45,198,0.0512064873228657,143
46.977495965992496,1.0,Medium,35,18-25,200,0.08542619643103282,153
49.01773776760195,1.2,Medium,26,36-45,228,0.07804388080670613,389
53.529905526971966,1.2,Low,82,46-60,196,0.048749963022760426,68
54.718351608370405,0.8,Medium,56,60+,188,0.08698686547029143,352
33.175219701429825,1.2,Medium,60,26-35,193,0.033842654506609164,85
44.25292178337241,1.0,Low,90,26-35,220,0.035501989168326135,285
38.91101399997571,1.2,Medium,59,46-60,194,0.06869115405942829,437
37.1958470143521,0.8,Low,77,46-60,195,0.061754643180798,149
68.31551915147202,1.0,Medium,10,36-45,171,0.015308618931762235,386
51.90660841538355,1.2,Medium,13,46-60,210,0.07379081190826661,65
40.103116013349,1.2,Medium,99,26-35,198,0.07571503449379988,64
30.375412528370664,0.8,Medium,45,26-35,196,0.0937212293997981,379
71.14639235886624,0.8,Medium,75,18-25,201,0.0381949706865464,155
64.81126437824524,1.0,High,30,18-25,188,0.04472320790987346,159
44.207717120343986,1.0,Medium,87,26-35,203,0.07009122741929016,178
55.28279105693866,1.0,High,98,60+,203,0.03586082881861059,441
40.5232757620676,1.0,Medium,26,36-45,223,0.09625239746271762,246
40.10545228444369,1.2,Medium,56,18-25,217,0.06840029339235684,398
60.42823451195798,1.2,Medium,74,36-45,180,0.021839277228695064,372
56.33083937539456,1.0,Medium,76,26-35,174,0.018573892277988186,427
59.58715254834653,1.2,High,47,46-60,191,0.05707021373371908,316
62.99959423255468,1.0,Medium,96,36-45,211,0.09658452835043706,477
60.72038809809232,0.8,High,63,18-25,230,0.08635302708502496,283
63.577173421558214,1.0,Low,99,18-25,202,0.06898991172884145,155
59.72321684143168,1.2,Medium,21,18-25,190,0.038575317984167,479
57.22326246228252,1.2,Medium,70,18-25,226,0.028591574775960922,221
64.28911064242911,1.0,Medium,27,36-45,197,0.06822624120051238,87
57.311870354589495,1.2,High,54,60+,196,0.017099036194218806,168
62.4678696708662,0.8,Medium,49,18-25,177,0.03859614534567833,497
23.89556245961125,1.0,Medium,70,26-35,195,0.05076609169997262,309
53.209419627660345,1.0,Low,58,36-45,227,0.038028125836049996,96
79.89324804944765,1.0,Medium,46,36-45,208,0.046872820700960195,203
48.85481252641303,1.0,Low,53,36-45,171,0.019968820387359483,102
55.08580880867514,1.2,Medium,73,60+,185,0.08331829742249029,304
48.94797407596192,1.2,Medium,85,60+,203,0.03819875135115053,233
43.8541769416269,1.0,Medium,87,60+,194,0.025821791243854766,409
56.34377598149852,1.0,Low,12,26-35,221,0.05891075520034699,195
57.26769604430078,0.8,Medium,56,18-25,191,0.05893609145766832,440
60.417489628626896,0.8,Medium,92,46-60,200,0.08523497955490482,127
57.250715555467295,0.8,Medium,55,60+,169,0.07301895938429788,406
37.8217441007429,0.8,Low,25,36-45,229,0.09117670800713738,209
44.73522840851955,0.8,Low,35,18-25,209,0.09674924666012025,341
61.20711549263798,0.8,Low,66,36-45,211,0.06481201238544508,233
47.779526462550265,1.2,Medium,83,18-25,207,0.04252313061018531,398
42.738396071069786,1.0,Medium,72,26-35,208,0.09068640878329058,88
55.549928837696676,1.2,Medium,45,26-35,191,0.03769410813693909,192
62.32817778234566,0.8,Low,79,18-25,200,0.016840640648681772,114
50.50743355827378,1.0,Low,89,18-25,179,0.03708738674694639,350
53.316859628155285,1.0,Low,77,18-25,197,0.09852716513010734,274
52.74505670188637,1.0,High,44,18-25,182,0.027133179839192202,257
48.153369950763164,0.8,Low,40,36-45,204,0.08710708129328282,219
59.24043867552692,1.0,Medium,85,18-25,198,0.09187804349050144,329
58.20405404086222,1.0,Low,11,46-60,225,0.015070814623412889,344
48.88926010985223,0.8,Low,52,18-25,204,0.07733376027888485,53
38.045229870052154,1.0,Medium,74,18-25,203,0.036820537919483746,153
53.53215514030631,1.0,Medium,23,36-45,215,0.08894725371763591,351
58.316412076527584,1.2,Medium,64,46-60,182,0.06235412587560204,143
57.87994155150066,0.8,Medium,62,26-35,173,0.07829822278839614,114
45.24752491230395,0.8,Medium,89,26-35,191,0.024213911802792976,347
62.33729993020765,1.2,High,24,46-60,213,0.02934735631489368,141
53.78826251219329,1.0,Medium,25,36-45,206,0.09684562667725202,337
42.77030898295044,1.0,High,32,60+,214,0.06742498668556661,234
51.83066030209824,1.2,Medium,69,36-45,189,0.09036374715710821,112
53.103499170424,0.8,Medium,31,36-45,184,0.041029829603316345,309
57.24502422094027,1.2,Low,77,26-35,192,0.04818666300285078,50
49.916700012148915,1.0,Low,67,18-25,203,0.09856981859959432,317
59.772958329167786,1.2,High,81,60+,169,0.05058328780771211,483
47.74998729974418,1.2,Medium,54,46-60,206,0.07904058084868132,79
36.02033480634434,0.8,Medium,22,60+,208,0.05659971070024199,133
64.8245078965478,0.8,Low,84,18-25,210,0.057121415648174266,85
50.59056748847445,1.0,High,29,36-45,207,0.084212689571867,103
36.1152795667061,1.2,Medium,88,36-45,196,0.0821319440656127,441
56.957980089778374,1.2,Medium,27,26-35,211,0.061236223543624096,75
58.071548118230446,1.0,Medium,34,36-45,224,0.023595046726461427,73
36.4906435651093,1.0,Low,55,60+,198,0.019857401207472404,419
48.25080573689168,0.8,Low,89,46-60,205,0.08925087483220298,311
42.58803326194142,1.2,Medium,81,18-25,200,0.044138351040057804,62
49.23828191320236,1.2,Medium,30,60+,202,0.07681097550906632,479
43.652163805330495,1.2,Medium,33,26-35,197,0.02173644064914621,285
39.20808848682158,1.2,Medium,33,26-35,205,0.03254879799240804,281
52.840596340554505,1.0,High,91,18-25,191,0.023225867486430928,63
61.19818777501631,0.8,Low,43,36-45,184,0.08472942666543226,352
61.87135004952216,1.0,High,64,18-25,211,0.030615815657525823,78
59.13467651963637,1.0,Medium,56,60+,201,0.06820691500190419,297
51.542967973359644,0.8,Medium,65,18-25,206,0.031151477163879178,80
35.93083547794211,1.2,Medium,85,46-60,185,0.04606563938269404,268
51.82174891652268,1.2,Medium,87,36-45,213,0.027171080463487117,372
49.264517577619095,0.8,Low,53,36-45,182,0.08130247918410013,383
43.58626674523672,1.2,Low,33,60+,198,0.03936463479737977,90
60.79426596030709,1.0,Low,11,46-60,208,0.014790043384806913,205
61.66615984233024,0.8,High,67,46-60,214,0.06891574229033456,297
45.9061345964828,0.8,High,98,60+,190,0.028903933152164427,168
42.82181839116124,1.2,Low,58,26-35,230,0.07942874582025655,404
49.36413481185718,0.8,High,97,60+,199,0.07922675022553512,159
36.91657301186682,1.2,High,76,36-45,194,0.08848571269688191,132
41.19192142623447,1.0,High,40,60+,182,0.07088314841673969,164
45.18287976317381,0.8,High,63,60+,201,0.03380603538970582,282
38.742447921556234,1.2,High,88,46-60,189,0.04501605822878826,351
63.58533530471212,1.0,High,88,36-45,205,0.041885184850509884,76
47.85935168582253,1.2,Low,43,36-45,192,0.024399169978506267,262
45.49579120890723,0.8,High,29,26-35,196,0.06444360061178285,427
50.02514649650839,0.8,Low,91,18-25,185,0.049066159932592716,249
30.464152327743502,1.0,Medium,78,18-25,201,0.01815331658166619,335
51.54963095094012,1.0,High,64,46-60,208,0.08455771220071334,490
78.64896879276853,1.2,Low,74,60+,189,0.027641934275237146,424
55.3125320051206,0.8,High,23,46-60,198,0.06627038910576923,146
32.09468305337079,0.8,High,74,18-25,203,0.09555629581314241,161
44.138571494948344,0.8,High,16,46-60,205,0.06623691000234029,318
45.84992645399372,1.0,Medium,60,18-25,201,0.011275045293419484,64
41.525195916775004,1.0,Low,10,36-45,192,0.09474520256494831,332
38.02651021458176,1.2,Medium,14,26-35,229,0.05578776105893096,214
51.34227299810222,0.8,High,17,60+,202,0.02484240986432773,68
50.61336879267259,1.0,Medium,80,46-60,211,0.030681556288967828,294
48.60823050701882,0.8,Medium,83,60+,218,0.07122372532791693,61
51.944073046704936,1.0,High,55,18-25,238,0.0517073884699021,312
41.35105703261449,0.8,Medium,76,36-45,204,0.03501108438364138,156
57.74775473704679,1.0,Low,43,18-25,186,0.06990765538485395,428
54.514633448931214,1.0,Medium,67,18-25,215,0.08300858211177856,153
43.98516865533868,1.2,Medium,65,18-25,214,0.02691634188955508,343
39.77930927645792,1.2,High,66,60+,180,0.09084861241775427,462
43.368921891109046,1.2,Medium,44,46-60,212,0.08510384668417603,377
42.12113075530472,1.0,High,72,46-60,193,0.057007056383408077,138
43.15205053157125,1.2,Low,21,60+,178,0.043269525853324706,422
36.21436393131711,1.0,High,60,26-35,197,0.05061031145109233,302
41.860132530559284,1.2,High,74,18-25,207,0.028948890031340213,476
60.36450307179298,1.2,High,31,60+,190,0.07488670670053818,53
59.25278569808792,1.0,High,87,26-35,171,0.040451620069547674,269
57.09826421105883,0.8,High,67,18-25,206,0.011010083686202,414
43.77171553156644,1.2,Low,54,60+,188,0.08837051392462177,432
48.799560979337855,1.2,Medium,27,26-35,186,0.06755848877132363,208
45.14895592691646,0.8,High,80,26-35,200,0.07143492302328253,218
54.097502114842285,1.0,Medium,56,26-35,223,0.033838470537904966,425
33.20916832168005,1.0,Medium,17,36-45,193,0.08056878662118033,271
64.0372275850429,1.0,High,79,26-35,183,0.017420908346893072,53
58.409741459020125,1.2,Medium,86,36-45,201,0.010622720877436972,315
61.21746226592612,1.0,High,95,36-45,218,0.016972966521956522,102
41.76709134747941,1.0,Medium,43,18-25,197,0.06316041402995916,277
59.6253360753712,1.2,Medium,70,26-35,207,0.06941463294966624,407
25.671936762709045,1.0,High,19,46-60,195,0.07412110693822933,415
44.951512212537644,0.8,Medium,72,18-25,203,0.048670775738196406,447
39.07474905357752,1.0,Medium,11,18-25,242,0.014503020643195677,413
56.22873528297166,1.2,High,25,46-60,184,0.06134787518305584,201
56.719830210878506,0.8,Low,90,18-25,208,0.061763074974531686,486
52.324352739900206,1.0,Medium,70,18-25,190,0.08025820104227147,238
52.092949751450824,1.0,Low,83,46-60,191,0.08705057653726105,496
38.45791721860768,0.8,Medium,97,18-25,211,0.04835048967240485,89
55.06417885329941,1.0,Medium,50,36-45,190,0.09079533323313282,174
43.20570990460832,1.0,Low,13,60+,193,0.02958852780053578,434
50.61747641361453,1.0,Medium,18,46-60,211,0.0314403906841861,473
32.82078643389734,1.0,Low,87,26-35,187,0.012037915105547994,218
40.53932507738255,0.8,Medium,59,46-60,188,0.011641345924627733,439
50.70330533842889,1.0,High,48,18-25,204,0.028254009311966338,77
47.60390411012512,1.2,Medium,20,46-60,210,0.03597444823849481,124
47.5207654428487,1.0,Low,42,60+,203,0.09172600607701567,389
47.75285595004371,1.2,Low,38,36-45,210,0.011281702889768718,362
57.450782693037624,1.0,Medium,63,18-25,189,0.07774255841617869,55
60.597370785766174,0.8,Medium,59,36-45,207,0.08936815201394079,65
44.91747913620671,0.8,Low,56,36-45,206,0.03944672267517264,117
51.87783329529169,1.2,Low,23,60+,224,0.06626937983125825,152
54.922959409737985,1.2,Medium,81,60+,193,0.0515013326972819,443
60.255873828891055,1.0,Medium,72,60+,211,0.0753484836597483,253
50.095310623052306,1.0,High,14,18-25,165,0.059884313385626456,277
54.0793777012066,0.8,Medium,97,36-45,208,0.025821272163361247,79
40.07328599481664,1.2,High,39,46-60,208,0.08248466621550482,128
47.94918442201399,0.8,High,85,36-45,207,0.0962811551712773,406
43.22890334019143,1.2,High,35,46-60,211,0.07440644626427718,456
52.71751672601016,1.2,High,12,60+,184,0.07278867403928183,189
44.51079804797575,1.0,Medium,22,60+,170,0.06413432878960465,402
54.148155446529955,0.8,Medium,24,60+,214,0.030292130807469793,461
45.598280415078804,0.8,High,29,26-35,183,0.015576965173175111,313
76.97958978658474,1.0,Medium,29,60+,190,0.012797579424476468,477
43.72292826870898,1.2,Medium,30,46-60,194,0.06069870291476779,416
47.208041240444686,1.0,Low,12,26-35,197,0.013407242632769495,97
56.67071690722204,1.2,Low,32,60+,187,0.019242277220356277,200
44.60290318961872,1.0,Low,62,36-45,196,0.04016396723214755,400
50.32708441587701,0.8,High,78,26-35,188,0.03347817059346454,496
45.78004427551876,0.8,Medium,55,18-25,193,0.053094262571446074,215
55.372448585122065,1.0,Low,13,36-45,209,0.051808691843630655,409
31.691704571053204,1.0,High,39,46-60,207,0.08295522863929997,461
57.193470831083545,1.2,Medium,57,26-35,203,0.07983826939765981,71
42.15196066446062,1.2,High,69,36-45,227,0.013388552289254604,360
48.52137048819852,1.0,High,48,26-35,216,0.06320501560271594,157
39.16189113821426,1.2,Medium,26,26-35,191,0.07420160830149851,457
43.06847075917096,1.0,Low,66,36-45,195,0.06865901281508754,450
45.29892651559443,1.2,Low,81,46-60,201,0.02966360170377614,239
42.918676547096865,1.2,Low,45,60+,216,0.06534903675544283,356
32.44652230287434,1.0,Low,51,46-60,184,0.09263350149610247,100
44.30419415508155,0.8,High,67,36-45,211,0.07065538742456566,112
48.100226092836905,0.8,Medium,48,18-25,193,0.02941325636067587,491
47.58112662521826,0.8,Medium,21,46-60,209,0.09427358017400611,473
53.11507173351068,1.2,High,33,60+,197,0.06317033405081426,118
37.063454689830415,1.2,Low,32,60+,222,0.08891599742216856,307
56.11457166803609,0.8,Low,74,60+,207,0.01742185849861763,473
47.78856193385338,1.0,Low,26,26-35,183,0.041111319014114474,278
31.570067617877825,1.0,Medium,23,18-25,210,0.09589541497722748,152
49.28839165532968,1.2,Medium,55,36-45,184,0.044999775090192415,423
58.45410333352389,0.8,Medium,43,18-25,188,0.0550602918682328,300
63.95117767013812,0.8,Medium,28,26-35,199,0.025728247364976274,368
33.91794125505953,1.0,Low,53,36-45,213,0.09888348357013743,390
66.66254694524486,1.0,Low,49,46-60,178,0.04916310805274157,218
48.53015743349949,1.0,High,24,36-45,181,0.04772331917357413,129
47.1632645911653,1.2,Medium,52,26-35,233,0.03274036053712443,454
53.531597035974244,1.2,Medium,84,46-60,205,0.08042212241105773,378
46.34187107940788,0.8,Medium,33,46-60,201,0.04483220502767067,342
50.27911893224778,1.0,Low,47,26-35,184,0.06678171425827042,262
47.37871298057416,1.0,Low,90,26-35,192,0.07557758969433341,207
50.589414958449005,1.2,Medium,51,26-35,195,0.0711363590121105,53
54.174176742838505,0.8,Low,51,26-35,195,0.0603757503682444,408
47.61563150158166,1.0,High,29,18-25,216,0.0678776789042607,442
60.489265645212406,1.2,Medium,40,60+,198,0.024723288381915072,249
47.628870002199776,0.8,Medium,17,18-25,177,0.030184150602892104,384
37.10415377606908,0.8,Medium,72,18-25,200,0.04398217231937042,444
40.189236852732876,1.0,Medium,22,18-25,193,0.09760507012060303,146
58.68010073369027,0.8,Medium,90,18-25,176,0.08488188445765894,211
44.068809107570516,1.2,Medium,72,36-45,196,0.06303042930281189,112
53.649456954916594,0.8,Medium,29,60+,216,0.013420923328699113,169
36.824646568948154,1.2,Medium,65,60+,210,0.031234253062051513,208
53.14486692673888,1.0,Low,77,46-60,195,0.030712318538290484,190
48.05123635670847,0.8,High,44,60+,210,0.04969452874976022,129
64.99467138046518,1.2,High,54,36-45,219,0.05644675479506035,162
65.65612527976154,1.2,Medium,42,26-35,207,0.06265749991191524,437
58.94857931388799,1.2,Low,60,26-35,190,0.022882186029361467,276
30.147069939965935,1.2,Low,49,60+,208,0.03000663700882958,481
39.023359545401924,1.2,Medium,28,26-35,198,0.05408864349919567,407
61.17424799787972,1.2,Low,78,36-45,193,0.0945544999651981,411
47.50570945410206,0.8,Medium,89,18-25,191,0.036473922840844,148
55.18440301079806,0.8,Medium,35,46-60,228,0.07829730598960914,99
55.1281382510448,0.8,Medium,30,36-45,203,0.05798988318399625,239
60.820362766881715,1.0,Medium,62,26-35,198,0.04476153689842771,171
62.56810450414779,1.0,Medium,73,36-45,199,0.053389999210261455,126
47.767868220363845,1.2,High,36,60+,209,0.07243028140819212,343
48.84170821195738,0.8,High,43,60+,193,0.0423279503158915,55
35.77776918137555,1.2,Low,57,26-35,183,0.0196179024802835,410
65.8722950263672,1.0,Medium,63,36-45,192,0.04485147462063778,474
67.20283994760712,0.8,Low,44,18-25,184,0.05291199374180771,150
44.473309820315066,0.8,Medium,65,36-45,197,0.0733846995649516,445
49.794532069719075,1.2,Medium,21,18-25,199,0.06274806596978628,85
64.96016563576745,1.0,Medium,64,36-45,205,0.05340400823370419,176
73.89445068610634,1.2,Medium,84,46-60,190,0.038242474473458625,191
33.96379147812122,1.2,Medium,87,60+,182,0.07300123089160256,315
49.03330996534441,1.0,Medium,32,26-35,171,0.09789315229868982,349
54.98614683379683,1.2,High,77,46-60,172,0.028558859156816364,355
56.56266797982531,1.0,Medium,49,26-35,212,0.025534553271447227,437
30.78610457098432,0.8,High,39,18-25,233,0.04392739757317204,425
45.82015326595891,0.8,Low,13,36-45,189,0.0115520625652204,441
50.70655297266655,1.0,High,66,60+,197,0.0707552511439087,79
58.77429993485201,0.8,Medium,16,26-35,192,0.060400007973349074,113
56.83259795006005,1.0,Medium,80,36-45,209,0.03279764808825297,467
51.697459006676105,1.0,Low,69,26-35,215,0.04693867770245557,178
56.26863562446395,0.8,High,92,26-35,222,0.03565723486977436,364
49.27950695415039,0.8,Low,20,46-60,193,0.056114717803077356,202
67.67640841752933,0.8,High,30,36-45,191,0.04160116207585894,154
52.87018581191441,0.8,Medium,90,60+,192,0.015650487702594314,195
53.04544489696454,1.0,High,37,26-35,182,0.06179957425081094,212
59.83787842729137,1.0,Medium,38,36-45,205,0.016694119939308735,281
58.04108033001132,0.8,Medium,14,60+,199,0.09187731276527818,213
77.40329256012265,1.0,Medium,90,36-45,201,0.09566765734192671,85
57.883281038601176,1.0,Medium,49,18-25,183,0.06879954797309844,192
54.88182001726317,0.8,Low,61,36-45,207,0.02271917501978596,171
64.72100922812254,1.0,Medium,33,26-35,227,0.06391528471081186,159
47.49887719384468,0.8,Medium,55,26-35,200,0.09216472733696213,255
40.848082637898216,1.0,Medium,49,46-60,178,0.0652252649387215,456
38.18658713156479,1.0,Low,20,46-60,213,0.01861161194262719,242
48.691251548604534,1.0,Medium,37,60+,202,0.07036863048270686,441
52.179986821451664,1.2,Medium,83,46-60,196,0.06034438500351023,378
54.859476566319124,0.8,High,54,46-60,189,0.041086151655109655,230
35.553939084882,1.2,High,86,60+,211,0.04509891728497452,76
48.38383053097769,1.2,Medium,12,36-45,200,0.04059382588970383,346
54.02268127892202,0.8,High,13,36-45,235,0.05294999355147999,194
46.63394074082992,1.2,Low,79,46-60,195,0.023073542564026613,261
47.85045368197414,1.0,High,94,60+,194,0.013503685470957164,144
51.113973256500536,1.0,Medium,86,60+,194,0.01808620907183451,163
58.77785456983768,0.8,Medium,70,60+,194,0.0652585130849193,434
45.7178861574096,1.2,Low,59,60+,180,0.015103948916898067,476
63.9046995367624,0.8,Medium,86,46-60,207,0.016095621391979772,104
55.18829789746979,1.2,Low,62,36-45,224,0.052287905120970875,276
42.54933317956382,1.0,Medium,65,18-25,200,0.04175133107628894,180
30.60449076114534,1.2,High,86,26-35,189,0.014113729737087775,101
66.03636818751478,1.0,High,41,26-35,187,0.05126739378772747,471
44.47679934626288,1.0,Medium,66,46-60,198,0.08335349279820006,236
56.47976251185455,1.0,High,40,18-25,201,0.05846959665529183,225
61.03374308291557,1.2,Low,43,60+,225,0.08781309154577491,397
41.89538083643113,1.0,High,30,36-45,194,0.05055796932604482,65
65.8626276123339,1.2,Medium,64,26-35,208,0.07161192560769992,180
48.00615602918129,1.0,Low,74,60+,184,0.07618226112848303,430
47.85017259846582,1.0,Medium,59,26-35,205,0.05363515320995246,269
48.23402286116866,1.0,Medium,13,18-25,224,0.05816288715435082,162
52.04616837028228,1.0,Medium,44,26-35,205,0.0648423827061831,249
37.47191514127077,0.8,Low,10,18-25,196,0.011827826135690916,59
70.39460847611946,1.0,Low,92,26-35,195,0.07512301916935067,488
58.077015780488686,1.0,High,91,46-60,212,0.030771094096942134,275
48.49911052388274,0.8,Medium,46,36-45,195,0.05664284805419525,282
64.60485139692577,0.8,Medium,73,26-35,189,0.051613584207029,210
70.82031610365772,1.0,Medium,80,60+,200,0.02206907821128309,51
57.21457936643526,1.2,Medium,40,36-45,202,0.03187229310546197,103
55.43451408651997,1.0,Low,13,18-25,204,0.0695641959543487,272
50.24885217641614,0.8,Medium,34,18-25,188,0.0676702105517733,381
52.22293313633888,1.2,Low,99,18-25,222,0.02050117401435171,431
49.25850054209917,1.0,Low,86,26-35,206,0.02766074407035274,340
55.2880506969046,0.8,Medium,45,36-45,217,0.06110575545478687,103
36.464460076109596,0.8,Medium,47,46-60,201,0.03408952620944482,330
55.36796011462196,1.0,Low,93,36-45,213,0.02547190608577342,62
36.913122381861186,1.0,Medium,11,36-45,209,0.08054390119853004,178
55.67651916541776,1.2,Medium,77,18-25,203,0.05885905664603558,210
38.63199112374711,1.2,Medium,41,46-60,198,0.04910851474253667,169
40.2151186519101,1.0,High,19,60+,198,0.031281199387690486,230
33.272261214745,0.8,Medium,93,46-60,199,0.06204918538138784,373
46.47956894524472,1.2,High,89,26-35,210,0.011947959380406124,314
44.76022007774215,1.0,Medium,59,36-45,166,0.07886204551428756,235
58.1831692370404,1.2,Medium,13,18-25,209,0.08891644945204798,328
38.06654667026103,1.2,Low,62,18-25,221,0.06246324192989543,365
53.072172925812836,0.8,Medium,18,36-45,212,0.03172481336676844,160
50.82128738353542,1.2,Low,39,60+,213,0.05084486118412125,170
63.88240752118418,1.2,Low,27,60+,186,0.03474491299657797,354
42.94799556406829,1.2,Medium,60,26-35,209,0.05980843592118457,77
56.269003474469564,0.8,Low,60,46-60,210,0.03625279610935652,338
56.27118149157566,1.0,Medium,31,36-45,217,0.045971109765001565,146
39.68961757486246,1.2,Medium,23,18-25,199,0.07713968168116499,57
47.552876240744176,0.8,Low,59,46-60,223,0.037578709807782745,147
40.37076239568493,0.8,Medium,35,36-45,231,0.030418031387888747,184
51.06390404106593,1.2,Medium,19,36-45,200,0.09016743530579717,229
62.34647086428508,1.2,Medium,23,60+,208,0.01135107189718848,277
56.252534720989075,1.0,High,74,60+,176,0.01513364357799743,334
41.93842840605872,1.2,Medium,90,60+,189,0.08154690397628542,377
50.25136078804578,0.8,Medium,28,46-60,193,0.059876582033630006,70
68.26825475614152,1.2,Medium,45,26-35,189,0.09606054336707856,274
55.813564500087935,1.0,Medium,38,36-45,232,0.04892109182665744,222
54.81324660396318,1.0,High,57,60+,202,0.07096049274126379,391
32.96497309049535,1.0,Low,43,26-35,191,0.03532866334724113,66
54.062566679374115,0.8,Medium,44,46-60,214,0.01791760925088683,398
71.87976141226089,1.2,Medium,81,26-35,214,0.08980211033080505,286
49.71848706445229,1.2,Medium,99,18-25,171,0.05586575629630781,145
42.02790621471553,1.0,Low,70,46-60,177,0.0688634139103616,158
62.040663290501335,1.0,High,49,26-35,178,0.022521708544762827,260
56.756065625293424,1.0,Low,96,60+,192,0.060541738171685455,290
52.038900577525446,1.0,Low,98,36-45,209,0.07288061767576744,419
46.0849051070734,0.8,Low,49,26-35,210,0.05876612663498326,102
62.56857332730477,1.2,Medium,89,26-35,203,0.08696725954197107,206
55.77966671920243,0.8,Low,47,60+,194,0.07176668483549893,212
61.98024215255233,1.0,Medium,32,46-60,189,0.04433772500106479,101
59.92489253028376,1.2,Low,10,36-45,196,0.0766727497949609,167
57.1166836578072,1.0,Medium,47,36-45,204,0.08501385670912119,429
53.74569511050354,1.2,Medium,84,60+,194,0.011496671128810105,102
35.20141827226031,0.8,Medium,64,36-45,196,0.012396397302689127,461
66.26489421761332,1.2,Low,79,26-35,216,0.07118365222893167,107
43.213927507950174,1.0,High,75,60+,227,0.09457104046291588,117
56.4278264400235,1.0,High,99,36-45,204,0.011505142934601363,488
63.512531950151896,1.0,Medium,88,46-60,198,0.09836543897710379,277
59.6672716170026,1.0,Medium,44,60+,193,0.0387344579230288,485
40.76282873428265,1.0,Medium,88,18-25,197,0.01341288010194918,231
52.950384206440376,1.2,Low,12,18-25,180,0.07710131195984017,394
40.32114820505569,1.2,Low,45,26-35,201,0.09670425908343856,484
44.298091073013566,1.2,High,93,26-35,209,0.03222009708671912,172
48.23812356356334,0.8,Medium,83,26-35,201,0.09047506817240988,107
63.174228524382016,1.2,Medium,92,46-60,177,0.042491902219828806,240
45.818267505071674,0.8,Medium,70,60+,180,0.09245620173733252,387
81.20245966942873,1.2,Medium,57,18-25,202,0.03722543918379349,227
38.500651604454546,1.0,Medium,71,18-25,210,0.06903904370895736,86
58.267751802211755,0.8,High,14,60+,189,0.01962614449500962,472
49.955401529931315,0.8,Low,68,60+,193,0.054912618307444844,268
60.31912343527338,1.2,Medium,14,60+,193,0.0400357001749729,190
45.25001781266077,1.2,Medium,61,26-35,179,0.026915688145697912,240
62.498749601236426,1.2,High,16,18-25,206,0.06058748831644109,446
45.52812055391547,1.2,Medium,15,18-25,205,0.05901609086247858,465
40.62908787056694,0.8,High,93,26-35,208,0.09180479969829941,156
51.303688305385705,0.8,Medium,33,60+,207,0.08349336490976386,292
56.79361649797985,1.2,Medium,81,18-25,192,0.017830507047487655,432
41.328949454451575,1.2,High,75,46-60,184,0.08614953845553872,177
36.69161772879312,1.2,Low,29,26-35,214,0.04155901108472305,256
41.90730708602585,0.8,High,19,36-45,200,0.07822481349343206,84
56.42095456685172,1.0,Medium,25,26-35,195,0.07112295871150479,422
48.314024160794396,1.0,Medium,60,36-45,195,0.046923598985509685,105
48.356840157877414,0.8,Medium,28,46-60,224,0.03610423251853257,312
60.13046730744954,1.0,Medium,96,18-25,207,0.053048366365654416,286
